{"cameraMode":{"drawMode":0,"name":"Shaded","section":"Shading Mode"},"sceneLighting":true,"audioPlay":false,"sceneViewState":{"showFog":true,"showMaterialUpdate":true,"showSkybox":true,"showFlares":true,"showImageEffects":true,"showParticleSystems":true},"in2DMode":false,"pivot":{"x":-0.48241329193115237,"y":0.7289090156555176,"z":0.06685256958007813},"rotation":{"x":0.12643270194530488,"y":0.8587275743484497,"z":-0.2546752691268921,"w":0.42631256580352785},"size":3.8670060634613039,"orthographic":false}